drop view if exists echipamente_detaliate;
drop view if exists total_comenzi;

drop table if exists canale_configurari;
drop table if exists canal;
drop table if exists configurari_comandate;
drop table if exists configurare;
drop table if exists echipament;
drop table if exists model;
drop table if exists tehnician;
drop table if exists comanda;
drop table if exists client;

drop type if exists valoare_putere;
drop type if exists valoare_metoda_plata;


create table client
(
    cif_client    numeric(8) primary key check ( cif_client > 0 ),
    denumire      varchar(50)  not null unique,
    platitor_tva  boolean      not null,
    email         varchar(254) not null unique check ( email ~ '[a-zA-Z0-9._%+-]+@[a-zA-Z0-9.-]+\.[a-zA-Z]{2,}' ),
    judet         varchar(50)  not null,
    localitate    varchar(50)  not null,
    strada        varchar(50)  not null,
    numar_stradal integer check ( numar_stradal > 0 )
);

create table model
(
    id_model           integer primary key generated by default as identity,
    producator         varchar(50)   not null,
    denumire           varchar(20)   not null,
    capacitate_baterie integer check ( capacitate_baterie > 0 ),
    putere             numeric(6, 1) not null check ( putere > 0 ),
    unique (producator, denumire)
);

create table echipament
(
    id_echipament  integer primary key generated by default as identity,
    nr_serie       varchar(25)    not null unique,
    data_achizitie date           not null default now() check ( data_achizitie <= now()),
    pret_achizitie numeric(10, 2) not null check ( pret_achizitie > 0 ),
    garantie       smallint check ( garantie > 0 and garantie <= 60 ),
    cod_model      integer        not null,
    constraint fk_model foreign key (cod_model) references model (id_model) on delete restrict
);

create table tehnician
(
    id_tehnician  integer primary key generated by default as identity,
    cnp           char(13)       not null unique check ( cnp ~ '^[1-8]\d{12}$'),
    nume          varchar(50)    not null,
    prenume       varchar(50)    not null,
    numar_telefon varchar(15)    not null unique check ( numar_telefon ~ '^\+?\d{10,}$' ),
    data_angajare date           not null default now() check ( data_angajare <= now() ),
    salariu       numeric(10, 2) not null check ( salariu > 0 )
);

create table canal
(
    id_canal  integer primary key generated by default as identity,
    frecventa numeric(9, 6) not null check ( frecventa between 400 and 470),
    digital   boolean       not null default false,
    criptat   boolean       not null default false,
    constraint vf_criptat_necesita_digital check ( digital = true or criptat = false )
);

create type valoare_putere as enum ('low', 'high');

create table configurare
(
    id_configurare     integer primary key generated by default as identity,
    moment_configurare timestamp with time zone not null default now() check ( moment_configurare <= now() ),
    putere             valoare_putere           not null default 'low',
    prioritate         smallint                 not null default 0 check ( prioritate between 0 and 2),
    cod_echipament     integer                  not null,
    cod_tehnician      integer,
    constraint fk_tehnician foreign key (cod_tehnician) references tehnician (id_tehnician) on delete set null,
    constraint fk_echipament foreign key (cod_echipament) references echipament (id_echipament) on delete cascade
);

create table canale_configurari
(
    cod_configurare integer     not null,
    constraint fk_configurare foreign key (cod_configurare) references configurare (id_configurare) on delete restrict,
    cod_canal       integer     not null,
    constraint fk_canal foreign key (cod_canal) references canal (id_canal) on delete cascade,
    primary key (cod_configurare, cod_canal),
    pozitie_canal   smallint    not null check ( pozitie_canal > 0 ),
    denumire        varchar(15) not null,
    unique (cod_configurare, denumire)
);

create type valoare_metoda_plata as enum ('numerar', 'transfer_bancar');

create table comanda
(
    id_comanda      integer primary key generated by default as identity,
    metoda_plata    valoare_metoda_plata not null,
    data_inchiriere date                 not null check ( data_inchiriere < now() ),
    data_returnare  date check ( data_returnare < now() ),
    discount        numeric(2, 2) check ( discount > 0 ),
    cost_daune      numeric(10, 2) check ( cost_daune > 0 ),
    cif_client      numeric(8),
    constraint fk_client foreign key (cif_client) references client (cif_client) on delete set null,
    constraint vf_data_returnare check ( data_returnare > comanda.data_inchiriere ),
    constraint vf_discount check ( cost_daune is null or discount is null )
);

create table configurari_comandate
(
    cod_comanda     integer,
    constraint fk_inchiriere foreign key (cod_comanda) references comanda (id_comanda) on delete restrict,
    cod_configurare integer,
    constraint fk_configurare foreign key (cod_configurare) references configurare (id_configurare) on delete restrict,
    primary key (cod_comanda, cod_configurare),
    pret            numeric(10, 2) check ( pret > 0 )
);

create or replace view echipamente_detaliate as
select e.*, m.*
from echipament e
         join model m on e.cod_model = m.id_model;

create or replace rule update_echipamente_detaliate as
    on update to echipamente_detaliate
    do instead (
    update echipament
    set nr_serie       = NEW.nr_serie,
        data_achizitie = NEW.data_achizitie,
        pret_achizitie = NEW.pret_achizitie,
        garantie       = NEW.garantie,
        cod_model      = NEW.cod_model
    where id_echipament = OLD.id_echipament;
    );

create or replace rule delete_echipamente_detaliate as
    on delete to echipamente_detaliate do instead (
    delete
    from echipament
    where id_echipament = old.id_echipament;
    );

create or replace view total_comenzi as
select c.id_comanda,
       cl.denumire                                as denumire_client,
       (c.data_returnare - c.data_inchiriere + 1) as zile_inchiriate,
       sum((c.data_returnare - c.data_inchiriere + 1) * cc.pret) * (1 - coalesce(c.discount, 0)) +
       coalesce(c.cost_daune, 0)                  as total
from comanda c
         left join configurari_comandate cc on c.id_comanda = cc.cod_comanda
         left join client cl on c.cif_client = cl.cif_client
where c.data_returnare is not null
group by cc.cod_comanda, cl.denumire, c.id_comanda;

INSERT INTO public.client (cif_client, denumire, platitor_tva, email, judet, localitate, strada, numar_stradal) VALUES (176420, 'Open Media Films SRL', true, 'office@amf.fake', 'Bucuresti', 'Bucuresti', 'Calea Rahovei', 11);
INSERT INTO public.client (cif_client, denumire, platitor_tva, email, judet, localitate, strada, numar_stradal) VALUES (726429, 'ABC Systems SA', true, 'office@abcsystems.fake', 'Ilfov', 'Bragadiru', 'Rubinului', 143);
INSERT INTO public.client (cif_client, denumire, platitor_tva, email, judet, localitate, strada, numar_stradal) VALUES (842373, 'Feest Group SRL', false, 'marketing@feest.fake', 'Timis', 'Timisoara', 'Lalelelor', 32);
INSERT INTO public.client (cif_client, denumire, platitor_tva, email, judet, localitate, strada, numar_stradal) VALUES (21345245, 'Visionary Productions SRL', true, 'ceo@visprod.fake', 'Braila', 'Braila', 'Soarelui', 15);
INSERT INTO public.client (cif_client, denumire, platitor_tva, email, judet, localitate, strada, numar_stradal) VALUES (28462401, 'Bright Star Films SA', true, 'office@bsf.fake', 'Cluj', 'Cluj-Napoca', 'Teiului', 11);
INSERT INTO public.client (cif_client, denumire, platitor_tva, email, judet, localitate, strada, numar_stradal) VALUES (9361451, 'Dreamscape Productions SRL', false, 'marketing@dreamprod.fake', 'Arges', 'Pitesti', 'Bd Berarilor', 10);
INSERT INTO public.client (cif_client, denumire, platitor_tva, email, judet, localitate, strada, numar_stradal) VALUES (3214510, 'Innovative Content Creators SA', true, 'office@icc.fake', 'Bucuresti', 'Bucuresti', 'Bd Apeductului', 310);
INSERT INTO public.client (cif_client, denumire, platitor_tva, email, judet, localitate, strada, numar_stradal) VALUES (29456140, 'Next Level Production', true, 'office@nextlvl.fake', 'Ilfov', 'Magurele', 'Astronautilor', 2);
INSERT INTO public.client (cif_client, denumire, platitor_tva, email, judet, localitate, strada, numar_stradal) VALUES (203495, 'Impactful Storytellers SRL', false, 'marketing@storytellers.fake', 'Ilfov', 'Clinceni', 'Bd Ursului', 10);
INSERT INTO public.client (cif_client, denumire, platitor_tva, email, judet, localitate, strada, numar_stradal) VALUES (1038461, 'Pioneer Visuals SRL', true, 'office@vis.fake', 'Bucuresti', 'Bucuresti', 'Bd Paradisului', 315);
INSERT INTO public.client (cif_client, denumire, platitor_tva, email, judet, localitate, strada, numar_stradal) VALUES (10357295, 'Majestic Reels SA', true, 'office@maj.reels.fake', 'Bucuresti', 'Bucuresti', 'Calea Sudului', 115);

INSERT INTO public.model (id_model, producator, denumire, capacitate_baterie, putere) VALUES (1, 'Motorola', 'CP400', 900, 1.2);
INSERT INTO public.model (id_model, producator, denumire, capacitate_baterie, putere) VALUES (2, 'Kirisun', 'PT-5200', 2000, 2.8);
INSERT INTO public.model (id_model, producator, denumire, capacitate_baterie, putere) VALUES (3, 'Kirisun', 'PT-618', null, 15.3);
INSERT INTO public.model (id_model, producator, denumire, capacitate_baterie, putere) VALUES (4, 'Motorola', 'DP2600', 2300, 3.2);
INSERT INTO public.model (id_model, producator, denumire, capacitate_baterie, putere) VALUES (5, 'Midland', 'Alan 42 DS', 2200, 4.0);
INSERT INTO public.model (id_model, producator, denumire, capacitate_baterie, putere) VALUES (6, 'Motorola', 'TLKR T92', 800, 0.5);
INSERT INTO public.model (id_model, producator, denumire, capacitate_baterie, putere) VALUES (7, 'Motorola', 'DM4600e', null, 25.0);
INSERT INTO public.model (id_model, producator, denumire, capacitate_baterie, putere) VALUES (8, 'Motorola', 'DP1400', 1300, 2.5);

INSERT INTO public.echipament (id_echipament, nr_serie, data_achizitie, pret_achizitie, garantie, cod_model) VALUES (1, 'SN1234567890', '2023-12-01', 1500.00, 24, 1);
INSERT INTO public.echipament (id_echipament, nr_serie, data_achizitie, pret_achizitie, garantie, cod_model) VALUES (2, 'SN0987654321', '2024-01-15', 1200.50, 12, 2);
INSERT INTO public.echipament (id_echipament, nr_serie, data_achizitie, pret_achizitie, garantie, cod_model) VALUES (3, 'SN1122334455', '2022-05-20', 2500.00, 36, 3);
INSERT INTO public.echipament (id_echipament, nr_serie, data_achizitie, pret_achizitie, garantie, cod_model) VALUES (4, 'SN5566778899', '2021-11-10', 1800.75, 48, 1);
INSERT INTO public.echipament (id_echipament, nr_serie, data_achizitie, pret_achizitie, garantie, cod_model) VALUES (5, 'SN9988776655', '2023-03-05', 900.00, 18, 2);
INSERT INTO public.echipament (id_echipament, nr_serie, data_achizitie, pret_achizitie, garantie, cod_model) VALUES (6, 'SN0000000001', '2024-01-05', 3500.00, 60, 1);
INSERT INTO public.echipament (id_echipament, nr_serie, data_achizitie, pret_achizitie, garantie, cod_model) VALUES (7, 'SN0000000002', '2023-11-15', 2700.50, 48, 1);
INSERT INTO public.echipament (id_echipament, nr_serie, data_achizitie, pret_achizitie, garantie, cod_model) VALUES (8, 'SN0000000003', '2022-08-10', 3000.00, 36, 1);
INSERT INTO public.echipament (id_echipament, nr_serie, data_achizitie, pret_achizitie, garantie, cod_model) VALUES (9, 'SN0000000004', '2023-10-20', 1500.25, 24, 2);
INSERT INTO public.echipament (id_echipament, nr_serie, data_achizitie, pret_achizitie, garantie, cod_model) VALUES (10, 'SN0000000005', '2021-03-15', 1000.00, 12, 2);
INSERT INTO public.echipament (id_echipament, nr_serie, data_achizitie, pret_achizitie, garantie, cod_model) VALUES (11, 'SN0000000006', '2020-09-01', 2000.00, 18, 2);
INSERT INTO public.echipament (id_echipament, nr_serie, data_achizitie, pret_achizitie, garantie, cod_model) VALUES (12, 'SN0000000007', '2023-06-05', 5000.99, 60, 3);
INSERT INTO public.echipament (id_echipament, nr_serie, data_achizitie, pret_achizitie, garantie, cod_model) VALUES (13, 'SN0000000008', '2022-12-12', 4500.75, 48, 3);
INSERT INTO public.echipament (id_echipament, nr_serie, data_achizitie, pret_achizitie, garantie, cod_model) VALUES (14, 'SN0000000009', '2024-01-01', 4000.00, 36, 3);
INSERT INTO public.echipament (id_echipament, nr_serie, data_achizitie, pret_achizitie, garantie, cod_model) VALUES (15, 'SN0000000010', '2023-04-15', 2500.80, 24, 4);
INSERT INTO public.echipament (id_echipament, nr_serie, data_achizitie, pret_achizitie, garantie, cod_model) VALUES (16, 'SN0000000011', '2022-11-11', 1900.00, 18, 4);
INSERT INTO public.echipament (id_echipament, nr_serie, data_achizitie, pret_achizitie, garantie, cod_model) VALUES (17, 'SN0000000012', '2023-09-09', 3000.25, 60, 4);
INSERT INTO public.echipament (id_echipament, nr_serie, data_achizitie, pret_achizitie, garantie, cod_model) VALUES (18, 'SN0000000013', '2021-01-01', 800.00, 12, 4);
INSERT INTO public.echipament (id_echipament, nr_serie, data_achizitie, pret_achizitie, garantie, cod_model) VALUES (19, 'SN0000000014', '2022-03-25', 1600.99, 24, 4);
INSERT INTO public.echipament (id_echipament, nr_serie, data_achizitie, pret_achizitie, garantie, cod_model) VALUES (20, 'SN0000000015', '2023-07-20', 3200.50, 36, 3);
INSERT INTO public.echipament (id_echipament, nr_serie, data_achizitie, pret_achizitie, garantie, cod_model) VALUES (21, 'SN0000000016', '2020-12-31', 2500.75, 48, 5);
INSERT INTO public.echipament (id_echipament, nr_serie, data_achizitie, pret_achizitie, garantie, cod_model) VALUES (22, 'SN0000000017', '2023-05-15', 1800.80, 18, 5);
INSERT INTO public.echipament (id_echipament, nr_serie, data_achizitie, pret_achizitie, garantie, cod_model) VALUES (23, 'SN0000000018', '2024-01-08', 4700.99, 60, 3);
INSERT INTO public.echipament (id_echipament, nr_serie, data_achizitie, pret_achizitie, garantie, cod_model) VALUES (24, 'SN0000000019', '2023-02-28', 1200.00, 12, 6);
INSERT INTO public.echipament (id_echipament, nr_serie, data_achizitie, pret_achizitie, garantie, cod_model) VALUES (25, 'SN0000000020', '2022-10-10', 900.50, 6, 2);
INSERT INTO public.echipament (id_echipament, nr_serie, data_achizitie, pret_achizitie, garantie, cod_model) VALUES (26, 'SN0000000021', '2023-11-20', 1400.30, 24, 3);
INSERT INTO public.echipament (id_echipament, nr_serie, data_achizitie, pret_achizitie, garantie, cod_model) VALUES (27, 'SN0000000022', '2023-01-05', 2800.00, 36, 6);
INSERT INTO public.echipament (id_echipament, nr_serie, data_achizitie, pret_achizitie, garantie, cod_model) VALUES (28, 'SN0000000023', '2021-08-19', 3800.45, 48, 2);
INSERT INTO public.echipament (id_echipament, nr_serie, data_achizitie, pret_achizitie, garantie, cod_model) VALUES (29, 'SN0000000024', '2024-01-02', 2200.90, 60, 3);
INSERT INTO public.echipament (id_echipament, nr_serie, data_achizitie, pret_achizitie, garantie, cod_model) VALUES (30, 'SNX1234A567', '2023-10-05', 3200.00, 36, 1);
INSERT INTO public.echipament (id_echipament, nr_serie, data_achizitie, pret_achizitie, garantie, cod_model) VALUES (31, 'SNY8765B432', '2023-09-15', 2500.50, 24, 2);
INSERT INTO public.echipament (id_echipament, nr_serie, data_achizitie, pret_achizitie, garantie, cod_model) VALUES (32, 'SNZ4321C890', '2022-06-10', 1800.00, 12, 3);
INSERT INTO public.echipament (id_echipament, nr_serie, data_achizitie, pret_achizitie, garantie, cod_model) VALUES (33, 'SNQ7890D123', '2021-03-01', 4000.75, 48, 4);
INSERT INTO public.echipament (id_echipament, nr_serie, data_achizitie, pret_achizitie, garantie, cod_model) VALUES (34, 'SNR4567E890', '2023-12-10', 1500.80, 18, 5);
INSERT INTO public.echipament (id_echipament, nr_serie, data_achizitie, pret_achizitie, garantie, cod_model) VALUES (35, 'SNT9876F654', '2023-05-12', 2100.00, 24, 6);
INSERT INTO public.echipament (id_echipament, nr_serie, data_achizitie, pret_achizitie, garantie, cod_model) VALUES (36, 'SNU5678G321', '2022-11-30', 3000.00, 36, 7);
INSERT INTO public.echipament (id_echipament, nr_serie, data_achizitie, pret_achizitie, garantie, cod_model) VALUES (37, 'SNV1234H876', '2023-07-20', 2750.00, 48, 8);
INSERT INTO public.echipament (id_echipament, nr_serie, data_achizitie, pret_achizitie, garantie, cod_model) VALUES (38, 'SNW6543I109', '2020-12-31', 5000.99, 60, 1);
INSERT INTO public.echipament (id_echipament, nr_serie, data_achizitie, pret_achizitie, garantie, cod_model) VALUES (39, 'SNX4321J876', '2023-04-01', 1950.00, 18, 2);
INSERT INTO public.echipament (id_echipament, nr_serie, data_achizitie, pret_achizitie, garantie, cod_model) VALUES (40, 'SNY9876K543', '2023-08-15', 3500.25, 36, 3);
INSERT INTO public.echipament (id_echipament, nr_serie, data_achizitie, pret_achizitie, garantie, cod_model) VALUES (41, 'SNZ1234L210', '2022-09-10', 2200.00, 24, 4);
INSERT INTO public.echipament (id_echipament, nr_serie, data_achizitie, pret_achizitie, garantie, cod_model) VALUES (42, 'SNQ4567M321', '2021-11-10', 2500.50, 48, 5);
INSERT INTO public.echipament (id_echipament, nr_serie, data_achizitie, pret_achizitie, garantie, cod_model) VALUES (43, 'SNR7890N654', '2023-06-20', 1800.25, 12, 6);
INSERT INTO public.echipament (id_echipament, nr_serie, data_achizitie, pret_achizitie, garantie, cod_model) VALUES (44, 'SNT9876O987', '2024-01-05', 4700.75, 60, 7);
INSERT INTO public.echipament (id_echipament, nr_serie, data_achizitie, pret_achizitie, garantie, cod_model) VALUES (45, 'SNU1234P876', '2023-02-25', 2900.80, 36, 8);
INSERT INTO public.echipament (id_echipament, nr_serie, data_achizitie, pret_achizitie, garantie, cod_model) VALUES (46, 'SNV4321Q765', '2022-12-15', 1250.50, 12, 1);
INSERT INTO public.echipament (id_echipament, nr_serie, data_achizitie, pret_achizitie, garantie, cod_model) VALUES (47, 'SNW8765R432', '2023-03-10', 3200.75, 24, 2);
INSERT INTO public.echipament (id_echipament, nr_serie, data_achizitie, pret_achizitie, garantie, cod_model) VALUES (48, 'SNX5678S109', '2023-01-30', 4100.50, 48, 3);
INSERT INTO public.echipament (id_echipament, nr_serie, data_achizitie, pret_achizitie, garantie, cod_model) VALUES (49, 'SNY4321T543', '2022-07-15', 2700.00, 36, 4);
INSERT INTO public.echipament (id_echipament, nr_serie, data_achizitie, pret_achizitie, garantie, cod_model) VALUES (50, 'SNZ8765U987', '2023-08-05', 3800.75, 48, 5);
INSERT INTO public.echipament (id_echipament, nr_serie, data_achizitie, pret_achizitie, garantie, cod_model) VALUES (51, 'SNQ1234V876', '2023-10-20', 2950.90, 24, 6);
INSERT INTO public.echipament (id_echipament, nr_serie, data_achizitie, pret_achizitie, garantie, cod_model) VALUES (52, 'SNR6543W321', '2024-01-02', 3100.00, 36, 7);
INSERT INTO public.echipament (id_echipament, nr_serie, data_achizitie, pret_achizitie, garantie, cod_model) VALUES (53, 'SNT7890X109', '2023-12-25', 1300.50, 12, 8);
INSERT INTO public.echipament (id_echipament, nr_serie, data_achizitie, pret_achizitie, garantie, cod_model) VALUES (54, 'SNU9876Y543', '2023-04-18', 2500.99, 18, 1);
INSERT INTO public.echipament (id_echipament, nr_serie, data_achizitie, pret_achizitie, garantie, cod_model) VALUES (55, 'SNV5678Z210', '2023-05-22', 2800.00, 24, 2);
INSERT INTO public.echipament (id_echipament, nr_serie, data_achizitie, pret_achizitie, garantie, cod_model) VALUES (56, 'SNW4321A654', '2022-11-30', 1900.50, 12, 3);
INSERT INTO public.echipament (id_echipament, nr_serie, data_achizitie, pret_achizitie, garantie, cod_model) VALUES (57, 'SNX8765B987', '2023-09-01', 3200.75, 48, 4);
INSERT INTO public.echipament (id_echipament, nr_serie, data_achizitie, pret_achizitie, garantie, cod_model) VALUES (58, 'SNY6543C432', '2022-03-05', 2200.00, 24, 5);
INSERT INTO public.echipament (id_echipament, nr_serie, data_achizitie, pret_achizitie, garantie, cod_model) VALUES (59, 'SNZ1234D321', '2023-02-15', 4700.50, 60, 6);
INSERT INTO public.echipament (id_echipament, nr_serie, data_achizitie, pret_achizitie, garantie, cod_model) VALUES (60, 'SNM1234E567', '2023-11-05', 3150.40, 36, 1);
INSERT INTO public.echipament (id_echipament, nr_serie, data_achizitie, pret_achizitie, garantie, cod_model) VALUES (61, 'SNB9876F432', '2022-02-14', 2400.25, 12, 2);
INSERT INTO public.echipament (id_echipament, nr_serie, data_achizitie, pret_achizitie, garantie, cod_model) VALUES (62, 'SNC4321G890', '2023-07-10', 1800.00, 24, 3);
INSERT INTO public.echipament (id_echipament, nr_serie, data_achizitie, pret_achizitie, garantie, cod_model) VALUES (63, 'SND7890H123', '2023-06-01', 3900.75, 48, 4);
INSERT INTO public.echipament (id_echipament, nr_serie, data_achizitie, pret_achizitie, garantie, cod_model) VALUES (64, 'SNE4567I890', '2023-03-21', 1700.80, 18, 5);
INSERT INTO public.echipament (id_echipament, nr_serie, data_achizitie, pret_achizitie, garantie, cod_model) VALUES (65, 'SNF9876J654', '2024-01-02', 2300.00, 24, 6);
INSERT INTO public.echipament (id_echipament, nr_serie, data_achizitie, pret_achizitie, garantie, cod_model) VALUES (66, 'SNG5678K321', '2023-09-12', 3500.00, 60, 7);
INSERT INTO public.echipament (id_echipament, nr_serie, data_achizitie, pret_achizitie, garantie, cod_model) VALUES (67, 'SNH1234L876', '2023-05-15', 2850.90, 36, 8);
INSERT INTO public.echipament (id_echipament, nr_serie, data_achizitie, pret_achizitie, garantie, cod_model) VALUES (68, 'SNI6543M109', '2022-12-25', 5000.50, 60, 1);
INSERT INTO public.echipament (id_echipament, nr_serie, data_achizitie, pret_achizitie, garantie, cod_model) VALUES (69, 'SNJ8765N876', '2023-04-08', 1950.00, 12, 2);
INSERT INTO public.echipament (id_echipament, nr_serie, data_achizitie, pret_achizitie, garantie, cod_model) VALUES (70, 'SNK9876O543', '2022-09-18', 3400.25, 36, 3);
INSERT INTO public.echipament (id_echipament, nr_serie, data_achizitie, pret_achizitie, garantie, cod_model) VALUES (71, 'SNL1234P210', '2023-02-19', 2150.00, 18, 4);
INSERT INTO public.echipament (id_echipament, nr_serie, data_achizitie, pret_achizitie, garantie, cod_model) VALUES (72, 'SNM4567Q321', '2023-08-12', 2450.50, 48, 5);
INSERT INTO public.echipament (id_echipament, nr_serie, data_achizitie, pret_achizitie, garantie, cod_model) VALUES (73, 'SNN7890R654', '2023-01-20', 1800.25, 12, 6);
INSERT INTO public.echipament (id_echipament, nr_serie, data_achizitie, pret_achizitie, garantie, cod_model) VALUES (74, 'SNO9876S987', '2024-01-01', 4700.75, 60, 7);
INSERT INTO public.echipament (id_echipament, nr_serie, data_achizitie, pret_achizitie, garantie, cod_model) VALUES (75, 'SNP1234T876', '2023-03-14', 2800.80, 36, 8);
INSERT INTO public.echipament (id_echipament, nr_serie, data_achizitie, pret_achizitie, garantie, cod_model) VALUES (76, 'SNQ4321U765', '2022-10-10', 1250.50, 12, 1);
INSERT INTO public.echipament (id_echipament, nr_serie, data_achizitie, pret_achizitie, garantie, cod_model) VALUES (77, 'SNR8765V432', '2023-12-12', 3200.75, 24, 2);
INSERT INTO public.echipament (id_echipament, nr_serie, data_achizitie, pret_achizitie, garantie, cod_model) VALUES (78, 'SNS5678W109', '2023-11-30', 4100.50, 48, 3);
INSERT INTO public.echipament (id_echipament, nr_serie, data_achizitie, pret_achizitie, garantie, cod_model) VALUES (79, 'SNT4321X543', '2023-04-02', 2750.00, 36, 4);
INSERT INTO public.echipament (id_echipament, nr_serie, data_achizitie, pret_achizitie, garantie, cod_model) VALUES (80, 'SNU8765Y987', '2022-06-10', 3600.75, 48, 5);
INSERT INTO public.echipament (id_echipament, nr_serie, data_achizitie, pret_achizitie, garantie, cod_model) VALUES (81, 'SNV1234Z876', '2023-09-01', 2950.90, 24, 6);
INSERT INTO public.echipament (id_echipament, nr_serie, data_achizitie, pret_achizitie, garantie, cod_model) VALUES (82, 'SNW6543A321', '2024-01-04', 3100.00, 36, 7);
INSERT INTO public.echipament (id_echipament, nr_serie, data_achizitie, pret_achizitie, garantie, cod_model) VALUES (83, 'SNX7890B109', '2023-03-28', 1300.50, 12, 8);
INSERT INTO public.echipament (id_echipament, nr_serie, data_achizitie, pret_achizitie, garantie, cod_model) VALUES (84, 'SNY9876C543', '2022-05-12', 2600.99, 18, 1);
INSERT INTO public.echipament (id_echipament, nr_serie, data_achizitie, pret_achizitie, garantie, cod_model) VALUES (85, 'SNZ5678D210', '2023-12-30', 2800.00, 24, 2);
INSERT INTO public.echipament (id_echipament, nr_serie, data_achizitie, pret_achizitie, garantie, cod_model) VALUES (86, 'SNA4321E654', '2022-09-15', 1950.50, 12, 3);
INSERT INTO public.echipament (id_echipament, nr_serie, data_achizitie, pret_achizitie, garantie, cod_model) VALUES (87, 'SNB8765F987', '2023-10-01', 3200.75, 48, 4);
INSERT INTO public.echipament (id_echipament, nr_serie, data_achizitie, pret_achizitie, garantie, cod_model) VALUES (88, 'SNC6543G432', '2023-07-15', 2200.00, 24, 5);
INSERT INTO public.echipament (id_echipament, nr_serie, data_achizitie, pret_achizitie, garantie, cod_model) VALUES (89, 'SND1234H321', '2023-01-02', 4700.50, 60, 6);
INSERT INTO public.echipament (id_echipament, nr_serie, data_achizitie, pret_achizitie, garantie, cod_model) VALUES (90, 'SNE8765I543', '2023-11-11', 3650.00, 36, 7);
INSERT INTO public.echipament (id_echipament, nr_serie, data_achizitie, pret_achizitie, garantie, cod_model) VALUES (91, 'SNF6543J765', '2023-04-20', 2900.25, 18, 8);
INSERT INTO public.echipament (id_echipament, nr_serie, data_achizitie, pret_achizitie, garantie, cod_model) VALUES (92, 'SNG1234K432', '2022-03-09', 1500.90, 12, 1);
INSERT INTO public.echipament (id_echipament, nr_serie, data_achizitie, pret_achizitie, garantie, cod_model) VALUES (93, 'SNH9876L210', '2023-06-18', 2500.40, 24, 2);
INSERT INTO public.echipament (id_echipament, nr_serie, data_achizitie, pret_achizitie, garantie, cod_model) VALUES (94, 'SNI5678M109', '2022-12-31', 2200.75, 18, 3);
INSERT INTO public.echipament (id_echipament, nr_serie, data_achizitie, pret_achizitie, garantie, cod_model) VALUES (95, 'SNJ4321N543', '2023-05-30', 1850.00, 12, 4);
INSERT INTO public.tehnician (id_tehnician, cnp, nume, prenume, numar_telefon, data_angajare, salariu) VALUES (1, '1980101223456', 'Popescu', 'Ion', '+40712345678', '2020-01-15', 3500.50);
INSERT INTO public.tehnician (id_tehnician, cnp, nume, prenume, numar_telefon, data_angajare, salariu) VALUES (2, '2930506223456', 'Ionescu', 'Maria', '+40798765432', '2018-05-20', 4200.75);
INSERT INTO public.tehnician (id_tehnician, cnp, nume, prenume, numar_telefon, data_angajare, salariu) VALUES (3, '1960311227890', 'Georgescu', 'Andrei', '+40765432109', '2019-03-01', 3900.00);
INSERT INTO public.tehnician (id_tehnician, cnp, nume, prenume, numar_telefon, data_angajare, salariu) VALUES (4, '2791223223456', 'Stoica', 'Elena', '+40712345098', '2021-12-15', 3100.00);
INSERT INTO public.tehnician (id_tehnician, cnp, nume, prenume, numar_telefon, data_angajare, salariu) VALUES (5, '1860715224567', 'Popa', 'Alexandru', '+40789012345', '2023-07-10', 3000.80);
INSERT INTO public.tehnician (id_tehnician, cnp, nume, prenume, numar_telefon, data_angajare, salariu) VALUES (6, '2991108227890', 'Dumitrescu', 'Ana', '+40745678901', '2017-11-08', 4700.90);
INSERT INTO public.tehnician (id_tehnician, cnp, nume, prenume, numar_telefon, data_angajare, salariu) VALUES (7, '1910101220012', 'Radu', 'Mihai', '+40723456789', '2020-09-25', 3200.50);
INSERT INTO public.tehnician (id_tehnician, cnp, nume, prenume, numar_telefon, data_angajare, salariu) VALUES (8, '1950510224567', 'Tudor', 'Ioana', '+40767890123', '2019-05-10', 4300.40);
INSERT INTO public.tehnician (id_tehnician, cnp, nume, prenume, numar_telefon, data_angajare, salariu) VALUES (9, '2920216226789', 'Marinescu', 'Cristian', '+40789056789', '2021-02-16', 3800.25);
INSERT INTO public.tehnician (id_tehnician, cnp, nume, prenume, numar_telefon, data_angajare, salariu) VALUES (10, '1981016225678', 'Enache', 'Gabriela', '+40734567890', '2022-10-05', 4000.00);
INSERT INTO public.canal (id_canal, frecventa, digital, criptat) VALUES (1, 405.123456, true, true);
INSERT INTO public.canal (id_canal, frecventa, digital, criptat) VALUES (2, 410.654321, true, true);
INSERT INTO public.canal (id_canal, frecventa, digital, criptat) VALUES (3, 415.987654, true, true);
INSERT INTO public.canal (id_canal, frecventa, digital, criptat) VALUES (4, 420.543210, true, false);
INSERT INTO public.canal (id_canal, frecventa, digital, criptat) VALUES (5, 425.876543, true, false);
INSERT INTO public.canal (id_canal, frecventa, digital, criptat) VALUES (6, 430.234567, false, false);
INSERT INTO public.canal (id_canal, frecventa, digital, criptat) VALUES (7, 435.567890, false, false);
INSERT INTO public.canal (id_canal, frecventa, digital, criptat) VALUES (8, 440.123456, false, false);
INSERT INTO public.canal (id_canal, frecventa, digital, criptat) VALUES (9, 445.654321, false, false);
INSERT INTO public.canal (id_canal, frecventa, digital, criptat) VALUES (10, 450.987654, false, false);
INSERT INTO public.canal (id_canal, frecventa, digital, criptat) VALUES (11, 455.543210, true, false);
INSERT INTO public.canal (id_canal, frecventa, digital, criptat) VALUES (12, 460.876543, true, false);
INSERT INTO public.canal (id_canal, frecventa, digital, criptat) VALUES (13, 465.234567, true, false);
INSERT INTO public.canal (id_canal, frecventa, digital, criptat) VALUES (14, 460.567890, true, false);
INSERT INTO public.configurare (id_configurare, moment_configurare, putere, prioritate, cod_echipament, cod_tehnician) VALUES (1, '2023-12-01 08:15:00.000000 +00:00', 'low', 0, 21, 2);
INSERT INTO public.configurare (id_configurare, moment_configurare, putere, prioritate, cod_echipament, cod_tehnician) VALUES (2, '2023-11-25 12:30:00.000000 +00:00', 'low', 1, 22, 2);
INSERT INTO public.configurare (id_configurare, moment_configurare, putere, prioritate, cod_echipament, cod_tehnician) VALUES (3, '2023-10-20 07:00:00.000000 +00:00', 'low', 2, 23, 3);
INSERT INTO public.configurare (id_configurare, moment_configurare, putere, prioritate, cod_echipament, cod_tehnician) VALUES (4, '2023-09-15 14:45:00.000000 +00:00', 'low', 1, 24, 4);
INSERT INTO public.configurare (id_configurare, moment_configurare, putere, prioritate, cod_echipament, cod_tehnician) VALUES (5, '2023-08-10 11:20:00.000000 +00:00', 'low', 0, 25, null);
INSERT INTO public.configurare (id_configurare, moment_configurare, putere, prioritate, cod_echipament, cod_tehnician) VALUES (6, '2023-12-10 09:00:00.000000 +00:00', 'low', 1, 26, 5);
INSERT INTO public.configurare (id_configurare, moment_configurare, putere, prioritate, cod_echipament, cod_tehnician) VALUES (7, '2023-11-15 06:30:00.000000 +00:00', 'low', 2, 7, 6);
INSERT INTO public.configurare (id_configurare, moment_configurare, putere, prioritate, cod_echipament, cod_tehnician) VALUES (8, '2023-10-05 13:10:00.000000 +00:00', 'low', 0, 8, 7);
INSERT INTO public.configurare (id_configurare, moment_configurare, putere, prioritate, cod_echipament, cod_tehnician) VALUES (9, '2023-09-01 08:50:00.000000 +00:00', 'low', 1, 9, null);
INSERT INTO public.configurare (id_configurare, moment_configurare, putere, prioritate, cod_echipament, cod_tehnician) VALUES (10, '2023-07-25 10:00:00.000000 +00:00', 'low', 2, 10, 8);
INSERT INTO public.configurare (id_configurare, moment_configurare, putere, prioritate, cod_echipament, cod_tehnician) VALUES (11, '2023-12-20 15:30:00.000000 +00:00', 'high', 2, 11, 9);
INSERT INTO public.configurare (id_configurare, moment_configurare, putere, prioritate, cod_echipament, cod_tehnician) VALUES (12, '2023-11-01 12:45:00.000000 +00:00', 'high', 1, 12, 10);
INSERT INTO public.configurare (id_configurare, moment_configurare, putere, prioritate, cod_echipament, cod_tehnician) VALUES (13, '2023-10-10 07:15:00.000000 +00:00', 'high', 0, 13, 10);
INSERT INTO public.configurare (id_configurare, moment_configurare, putere, prioritate, cod_echipament, cod_tehnician) VALUES (14, '2023-09-05 14:30:00.000000 +00:00', 'high', 1, 14, 2);
INSERT INTO public.configurare (id_configurare, moment_configurare, putere, prioritate, cod_echipament, cod_tehnician) VALUES (15, '2023-08-30 11:40:00.000000 +00:00', 'high', 2, 15, null);
INSERT INTO public.configurare (id_configurare, moment_configurare, putere, prioritate, cod_echipament, cod_tehnician) VALUES (16, '2023-12-31 21:59:00.000000 +00:00', 'low', 0, 16, 3);
INSERT INTO public.configurare (id_configurare, moment_configurare, putere, prioritate, cod_echipament, cod_tehnician) VALUES (17, '2023-11-28 16:15:00.000000 +00:00', 'low', 1, 17, 4);
INSERT INTO public.configurare (id_configurare, moment_configurare, putere, prioritate, cod_echipament, cod_tehnician) VALUES (18, '2023-10-29 18:00:00.000000 +00:00', 'high', 2, 18, 5);
INSERT INTO public.configurare (id_configurare, moment_configurare, putere, prioritate, cod_echipament, cod_tehnician) VALUES (19, '2023-09-22 05:45:00.000000 +00:00', 'low', 1, 19, null);
INSERT INTO public.configurare (id_configurare, moment_configurare, putere, prioritate, cod_echipament, cod_tehnician) VALUES (20, '2023-08-18 09:30:00.000000 +00:00', 'high', 0, 20, 6);
INSERT INTO public.canale_configurari (cod_configurare, cod_canal, pozitie_canal, denumire) VALUES (1, 1, 1, 'PRODUCTION');
INSERT INTO public.canale_configurari (cod_configurare, cod_canal, pozitie_canal, denumire) VALUES (1, 2, 2, 'TEHNIC');
INSERT INTO public.canale_configurari (cod_configurare, cod_canal, pozitie_canal, denumire) VALUES (1, 3, 3, 'STAGE');
INSERT INTO public.canale_configurari (cod_configurare, cod_canal, pozitie_canal, denumire) VALUES (1, 4, 4, 'MARKETING');
INSERT INTO public.canale_configurari (cod_configurare, cod_canal, pozitie_canal, denumire) VALUES (1, 5, 5, 'PHOTO');
INSERT INTO public.canale_configurari (cod_configurare, cod_canal, pozitie_canal, denumire) VALUES (2, 1, 1, 'PRODUCTION');
INSERT INTO public.canale_configurari (cod_configurare, cod_canal, pozitie_canal, denumire) VALUES (2, 2, 2, 'TEHNIC');
INSERT INTO public.canale_configurari (cod_configurare, cod_canal, pozitie_canal, denumire) VALUES (2, 3, 3, 'STAGE');
INSERT INTO public.canale_configurari (cod_configurare, cod_canal, pozitie_canal, denumire) VALUES (2, 4, 4, 'MARKETING');
INSERT INTO public.canale_configurari (cod_configurare, cod_canal, pozitie_canal, denumire) VALUES (2, 5, 5, 'VIDEO');
INSERT INTO public.canale_configurari (cod_configurare, cod_canal, pozitie_canal, denumire) VALUES (3, 1, 1, 'PRODUCTION');
INSERT INTO public.canale_configurari (cod_configurare, cod_canal, pozitie_canal, denumire) VALUES (3, 2, 2, 'TEHNIC');
INSERT INTO public.canale_configurari (cod_configurare, cod_canal, pozitie_canal, denumire) VALUES (3, 3, 3, 'STAGE');
INSERT INTO public.canale_configurari (cod_configurare, cod_canal, pozitie_canal, denumire) VALUES (3, 4, 4, 'PHOTO');
INSERT INTO public.canale_configurari (cod_configurare, cod_canal, pozitie_canal, denumire) VALUES (3, 5, 5, 'VIDEO');
INSERT INTO public.canale_configurari (cod_configurare, cod_canal, pozitie_canal, denumire) VALUES (4, 1, 1, 'MARKETING');
INSERT INTO public.canale_configurari (cod_configurare, cod_canal, pozitie_canal, denumire) VALUES (4, 2, 2, 'PRODUCTION');
INSERT INTO public.canale_configurari (cod_configurare, cod_canal, pozitie_canal, denumire) VALUES (4, 3, 3, 'TEHNIC');
INSERT INTO public.canale_configurari (cod_configurare, cod_canal, pozitie_canal, denumire) VALUES (4, 4, 4, 'STAGE');
INSERT INTO public.canale_configurari (cod_configurare, cod_canal, pozitie_canal, denumire) VALUES (4, 5, 5, 'PHOTO');
INSERT INTO public.canale_configurari (cod_configurare, cod_canal, pozitie_canal, denumire) VALUES (5, 1, 1, 'VIDEO');
INSERT INTO public.canale_configurari (cod_configurare, cod_canal, pozitie_canal, denumire) VALUES (5, 2, 2, 'PHOTO');
INSERT INTO public.canale_configurari (cod_configurare, cod_canal, pozitie_canal, denumire) VALUES (5, 3, 3, 'STAGE');
INSERT INTO public.canale_configurari (cod_configurare, cod_canal, pozitie_canal, denumire) VALUES (5, 4, 4, 'MARKETING');
INSERT INTO public.canale_configurari (cod_configurare, cod_canal, pozitie_canal, denumire) VALUES (5, 5, 5, 'TEHNIC');
INSERT INTO public.canale_configurari (cod_configurare, cod_canal, pozitie_canal, denumire) VALUES (6, 1, 1, 'PHOTO');
INSERT INTO public.canale_configurari (cod_configurare, cod_canal, pozitie_canal, denumire) VALUES (6, 2, 2, 'STAGE');
INSERT INTO public.canale_configurari (cod_configurare, cod_canal, pozitie_canal, denumire) VALUES (6, 3, 3, 'VIDEO');
INSERT INTO public.canale_configurari (cod_configurare, cod_canal, pozitie_canal, denumire) VALUES (6, 4, 4, 'MARKETING');
INSERT INTO public.canale_configurari (cod_configurare, cod_canal, pozitie_canal, denumire) VALUES (6, 5, 5, 'PRODUCTION');
INSERT INTO public.canale_configurari (cod_configurare, cod_canal, pozitie_canal, denumire) VALUES (7, 1, 1, 'STAGE');
INSERT INTO public.canale_configurari (cod_configurare, cod_canal, pozitie_canal, denumire) VALUES (7, 2, 2, 'VIDEO');
INSERT INTO public.canale_configurari (cod_configurare, cod_canal, pozitie_canal, denumire) VALUES (7, 3, 3, 'PHOTO');
INSERT INTO public.canale_configurari (cod_configurare, cod_canal, pozitie_canal, denumire) VALUES (7, 4, 4, 'PRODUCTION');
INSERT INTO public.canale_configurari (cod_configurare, cod_canal, pozitie_canal, denumire) VALUES (7, 5, 5, 'TEHNIC');
INSERT INTO public.canale_configurari (cod_configurare, cod_canal, pozitie_canal, denumire) VALUES (8, 1, 1, 'MARKETING');
INSERT INTO public.canale_configurari (cod_configurare, cod_canal, pozitie_canal, denumire) VALUES (8, 2, 2, 'PHOTO');
INSERT INTO public.canale_configurari (cod_configurare, cod_canal, pozitie_canal, denumire) VALUES (8, 3, 3, 'TEHNIC');
INSERT INTO public.canale_configurari (cod_configurare, cod_canal, pozitie_canal, denumire) VALUES (8, 4, 4, 'VIDEO');
INSERT INTO public.canale_configurari (cod_configurare, cod_canal, pozitie_canal, denumire) VALUES (8, 5, 5, 'PRODUCTION');
INSERT INTO public.canale_configurari (cod_configurare, cod_canal, pozitie_canal, denumire) VALUES (9, 1, 1, 'TEHNIC');
INSERT INTO public.canale_configurari (cod_configurare, cod_canal, pozitie_canal, denumire) VALUES (9, 2, 2, 'STAGE');
INSERT INTO public.canale_configurari (cod_configurare, cod_canal, pozitie_canal, denumire) VALUES (9, 3, 3, 'MARKETING');
INSERT INTO public.canale_configurari (cod_configurare, cod_canal, pozitie_canal, denumire) VALUES (9, 4, 4, 'PRODUCTION');
INSERT INTO public.canale_configurari (cod_configurare, cod_canal, pozitie_canal, denumire) VALUES (9, 5, 5, 'PHOTO');
INSERT INTO public.canale_configurari (cod_configurare, cod_canal, pozitie_canal, denumire) VALUES (10, 1, 1, 'VIDEO');
INSERT INTO public.canale_configurari (cod_configurare, cod_canal, pozitie_canal, denumire) VALUES (10, 2, 2, 'PHOTO');
INSERT INTO public.canale_configurari (cod_configurare, cod_canal, pozitie_canal, denumire) VALUES (10, 3, 3, 'PRODUCTION');
INSERT INTO public.canale_configurari (cod_configurare, cod_canal, pozitie_canal, denumire) VALUES (10, 4, 4, 'TEHNIC');
INSERT INTO public.canale_configurari (cod_configurare, cod_canal, pozitie_canal, denumire) VALUES (10, 5, 5, 'STAGE');
INSERT INTO public.comanda (id_comanda, metoda_plata, data_inchiriere, data_returnare, discount, cost_daune, cif_client) VALUES (1, 'numerar', '2023-11-15', '2023-11-20', null, null, 176420);
INSERT INTO public.comanda (id_comanda, metoda_plata, data_inchiriere, data_returnare, discount, cost_daune, cif_client) VALUES (2, 'transfer_bancar', '2023-11-10', '2023-11-12', null, null, 726429);
INSERT INTO public.comanda (id_comanda, metoda_plata, data_inchiriere, data_returnare, discount, cost_daune, cif_client) VALUES (3, 'numerar', '2023-10-05', '2023-10-10', null, null, 842373);
INSERT INTO public.comanda (id_comanda, metoda_plata, data_inchiriere, data_returnare, discount, cost_daune, cif_client) VALUES (4, 'numerar', '2023-09-01', '2023-09-07', 0.25, null, 21345245);
INSERT INTO public.comanda (id_comanda, metoda_plata, data_inchiriere, data_returnare, discount, cost_daune, cif_client) VALUES (5, 'transfer_bancar', '2023-08-20', '2023-08-25', 0.10, null, 28462401);
INSERT INTO public.comanda (id_comanda, metoda_plata, data_inchiriere, data_returnare, discount, cost_daune, cif_client) VALUES (6, 'numerar', '2023-07-01', '2023-07-05', 0.05, null, 9361451);
INSERT INTO public.comanda (id_comanda, metoda_plata, data_inchiriere, data_returnare, discount, cost_daune, cif_client) VALUES (7, 'transfer_bancar', '2023-06-15', '2023-06-20', 0.30, null, 3214510);
INSERT INTO public.comanda (id_comanda, metoda_plata, data_inchiriere, data_returnare, discount, cost_daune, cif_client) VALUES (8, 'numerar', '2023-05-10', '2023-05-15', null, 25.00, 29456140);
INSERT INTO public.comanda (id_comanda, metoda_plata, data_inchiriere, data_returnare, discount, cost_daune, cif_client) VALUES (9, 'transfer_bancar', '2023-04-01', '2023-04-05', null, 15.50, 203495);
INSERT INTO public.comanda (id_comanda, metoda_plata, data_inchiriere, data_returnare, discount, cost_daune, cif_client) VALUES (10, 'numerar', '2023-03-01', '2023-03-10', null, 40.00, null);
INSERT INTO public.comanda (id_comanda, metoda_plata, data_inchiriere, data_returnare, discount, cost_daune, cif_client) VALUES (11, 'transfer_bancar', '2023-02-15', '2023-02-20', null, 18.75, null);
INSERT INTO public.comanda (id_comanda, metoda_plata, data_inchiriere, data_returnare, discount, cost_daune, cif_client) VALUES (12, 'numerar', '2023-01-10', '2023-01-15', 0.45, null, 1038461);
INSERT INTO public.comanda (id_comanda, metoda_plata, data_inchiriere, data_returnare, discount, cost_daune, cif_client) VALUES (13, 'transfer_bancar', '2022-12-01', '2022-12-10', null, 12.00, 10357295);
INSERT INTO public.comanda (id_comanda, metoda_plata, data_inchiriere, data_returnare, discount, cost_daune, cif_client) VALUES (14, 'numerar', '2022-11-05', '2022-11-12', 0.02, null, 176420);
INSERT INTO public.comanda (id_comanda, metoda_plata, data_inchiriere, data_returnare, discount, cost_daune, cif_client) VALUES (15, 'transfer_bancar', '2022-10-01', '2022-10-08', null, 8.50, 726429);
INSERT INTO public.configurari_comandate (cod_comanda, cod_configurare, pret) VALUES (1, 1, 25.50);
INSERT INTO public.configurari_comandate (cod_comanda, cod_configurare, pret) VALUES (1, 2, 30.75);
INSERT INTO public.configurari_comandate (cod_comanda, cod_configurare, pret) VALUES (2, 3, 40.00);
INSERT INTO public.configurari_comandate (cod_comanda, cod_configurare, pret) VALUES (2, 4, 35.25);
INSERT INTO public.configurari_comandate (cod_comanda, cod_configurare, pret) VALUES (3, 5, 15.00);
INSERT INTO public.configurari_comandate (cod_comanda, cod_configurare, pret) VALUES (4, 6, 20.00);
INSERT INTO public.configurari_comandate (cod_comanda, cod_configurare, pret) VALUES (4, 7, 18.50);
INSERT INTO public.configurari_comandate (cod_comanda, cod_configurare, pret) VALUES (5, 8, 45.00);
INSERT INTO public.configurari_comandate (cod_comanda, cod_configurare, pret) VALUES (6, 9, 10.00);
INSERT INTO public.configurari_comandate (cod_comanda, cod_configurare, pret) VALUES (7, 10, 12.75);
INSERT INTO public.configurari_comandate (cod_comanda, cod_configurare, pret) VALUES (8, 11, 22.50);
INSERT INTO public.configurari_comandate (cod_comanda, cod_configurare, pret) VALUES (8, 12, 28.00);
INSERT INTO public.configurari_comandate (cod_comanda, cod_configurare, pret) VALUES (9, 13, 14.99);
INSERT INTO public.configurari_comandate (cod_comanda, cod_configurare, pret) VALUES (10, 14, 19.99);
INSERT INTO public.configurari_comandate (cod_comanda, cod_configurare, pret) VALUES (10, 15, 29.50);
